threshold,total,kept,keep_ratio
0.7,3643,30,0.008234971177600879
0.8,3643,7,0.0019214932747735384
0.9,3643,1,0.0002744990392533626
