threshold,total,kept,keep_ratio
0.7,3311,1758,0.5309574146783449
0.8,3311,1293,0.39051646028390213
0.9,3311,726,0.21926910299003322
