threshold,total,kept,keep_ratio
0.6,3311,2206,0.66626396858955
0.7,3311,1790,0.5406221685291452
0.8,3311,1323,0.39957716701902746
0.9,3311,750,0.2265176683781335
0.95,3311,369,0.11144669284204167
